sample_id,serotype,genotype,known_genotype
PX480447.1,DENV-4,,False
PX480446.1,DENV-4,,False
PX480445.1,DENV-4,,False
PX480444.1,DENV-4,,False
PX480443.1,DENV-4,,False
PX480442.1,DENV-4,,False
PX480441.1,DENV-4,,False
PX480440.1,DENV-4,,False
PX480439.1,DENV-4,,False
PX480438.1,DENV-4,,False
PX480437.1,DENV-4,,False
PX480436.1,DENV-3,,False
PX480435.1,DENV-3,,False
PX480434.1,DENV-3,,False
PX480433.1,DENV-3,,False
PX480432.1,DENV-3,,False
PX480431.1,DENV-3,,False
PX480430.1,DENV-3,,False
PX480429.1,DENV-3,,False
PX480428.1,DENV-3,,False
PX480427.1,DENV-3,,False
PX480426.1,DENV-3,,False
PX480425.1,DENV-3,,False
PX480424.1,DENV-3,,False
PX480423.1,DENV-3,,False
PX480422.1,DENV-3,,False
PX480421.1,DENV-3,,False
PX480420.1,DENV-3,,False
PX480419.1,DENV-3,,False
PX480418.1,DENV-3,,False
PX480417.1,DENV-3,,False
PX480416.1,DENV-3,,False
PX480415.1,DENV-3,,False
PX480414.1,DENV-3,,False
PX480413.1,DENV-3,,False
PX480412.1,DENV-3,,False
PX480411.1,DENV-3,,False
PX480410.1,DENV-3,,False
PX480409.1,DENV-3,,False
PX480408.1,DENV-3,,False
PX480407.1,DENV-3,,False
PX480406.1,DENV-3,,False
PX480405.1,DENV-3,,False
PX480404.1,DENV-3,,False
PX480403.1,DENV-3,,False
PX480402.1,DENV-3,,False
PX480401.1,DENV-3,,False
PX480400.1,DENV-3,,False
PX480399.1,DENV-3,,False
PX480398.1,DENV-3,,False
PX480397.1,DENV-3,,False
PX480396.1,DENV-3,,False
PX480395.1,DENV-3,,False
PX480394.1,DENV-3,,False
PX480393.1,DENV-3,,False
PX480392.1,DENV-3,,False
PX480391.1,DENV-3,,False
PX480390.1,DENV-3,,False
PX480389.1,DENV-3,,False
PX480388.1,DENV-3,,False
PX480387.1,DENV-3,,False
PX480386.1,DENV-3,,False
PX480385.1,DENV-3,,False
PX480384.1,DENV-3,,False
PX480383.1,DENV-3,,False
PX480382.1,DENV-3,,False
PX480381.1,DENV-3,,False
PX480380.1,DENV-3,,False
PX480379.1,DENV-3,,False
PX480378.1,DENV-3,,False
PX480377.1,DENV-3,,False
PX480376.1,DENV-3,,False
PX480375.1,DENV-3,,False
PX480374.1,DENV-3,,False
PX480373.1,DENV-3,,False
PX480372.1,DENV-3,,False
PX480371.1,DENV-3,,False
PX480370.1,DENV-3,,False
PX480369.1,DENV-3,,False
PX480368.1,DENV-3,,False
PX480367.1,DENV-3,,False
PX480366.1,DENV-3,,False
PX480365.1,DENV-3,,False
PX480364.1,DENV-3,,False
PX480363.1,DENV-3,,False
PX480362.1,DENV-3,,False
PX480361.1,DENV-3,,False
PX480360.1,DENV-3,,False
PX480359.1,DENV-3,,False
PX480358.1,DENV-3,,False
PX480357.1,DENV-3,,False
PX480356.1,DENV-3,,False
PX480355.1,DENV-3,,False
PX480354.1,DENV-3,,False
PX480353.1,DENV-3,,False
PX480352.1,DENV-3,,False
PX480351.1,DENV-3,,False
PX480350.1,DENV-3,,False
PX480349.1,DENV-3,,False
PX480348.1,DENV-3,,False
PX480347.1,DENV-3,,False
PX480346.1,DENV-3,,False
PX480345.1,DENV-3,,False
PX480344.1,DENV-3,,False
PX480343.1,DENV-3,,False
PX480342.1,DENV-3,,False
PX480341.1,DENV-3,,False
PX480340.1,DENV-3,,False
PX480339.1,DENV-3,,False
PX480338.1,DENV-3,,False
PX480337.1,DENV-3,,False
PX480336.1,DENV-3,,False
PX480335.1,DENV-3,,False
PX480334.1,DENV-3,,False
PX480333.1,DENV-3,,False
PX480332.1,DENV-3,,False
PX480331.1,DENV-2,,False
PX480330.1,DENV-2,,False
PX480329.1,DENV-2,,False
PX480328.1,DENV-2,,False
PX480327.1,DENV-2,,False
PX480326.1,DENV-2,,False
PX480325.1,DENV-2,,False
PX480324.1,DENV-2,,False
PX480323.1,DENV-2,,False
PX480322.1,DENV-2,,False
PX480321.1,DENV-2,,False
PX480320.1,DENV-2,,False
PX480319.1,DENV-2,,False
PX480318.1,DENV-2,,False
PX480317.1,DENV-2,,False
PX480316.1,DENV-2,,False
PX480315.1,DENV-2,,False
PX480314.1,DENV-2,,False
PX480313.1,DENV-2,,False
PX480312.1,DENV-2,,False
PX480311.1,DENV-2,,False
PX480310.1,DENV-2,,False
PX480309.1,DENV-2,,False
PX480308.1,DENV-2,,False
PX480307.1,DENV-2,,False
PX480306.1,DENV-2,,False
PX480305.1,DENV-2,,False
PX480304.1,DENV-2,,False
PX480303.1,DENV-2,,False
PX480302.1,DENV-2,,False
PX480301.1,DENV-2,,False
PX480300.1,DENV-1,,False
PX480299.1,DENV-1,,False
PX480298.1,DENV-1,,False
PX480297.1,DENV-1,,False
PX480296.1,DENV-1,,False
PX480295.1,DENV-1,,False
PX480294.1,DENV-1,,False
PX480293.1,DENV-1,,False
PX480292.1,DENV-1,,False
PX480291.1,DENV-1,,False
PX480290.1,DENV-1,,False
PX480289.1,DENV-1,,False
PX480288.1,DENV-1,,False
PX480287.1,DENV-1,,False
PX480286.1,DENV-1,,False
PX480285.1,DENV-1,,False
PX480284.1,DENV-1,,False
PX480283.1,DENV-1,,False
PX480282.1,DENV-1,,False
PX480281.1,DENV-1,,False
PX480280.1,DENV-1,,False
PX480279.1,DENV-1,,False
PX480278.1,DENV-1,,False
PX480277.1,DENV-1,,False
PX480276.1,DENV-1,,False
PX480275.1,DENV-1,,False
PX480274.1,DENV-1,,False
PX480273.1,DENV-1,,False
PX480272.1,DENV-1,,False
PX480271.1,DENV-1,,False
PX480270.1,DENV-1,,False
PX480269.1,DENV-1,,False
PX480268.1,DENV-1,,False
PX480267.1,DENV-1,,False
PX480266.1,DENV-1,,False
PX480265.1,DENV-1,,False
PX480264.1,DENV-1,,False
PX480263.1,DENV-1,,False
PX480262.1,DENV-1,,False
PX480261.1,DENV-1,,False
PX480260.1,DENV-1,,False
PX480259.1,DENV-1,,False
PX480258.1,DENV-1,,False
PX480257.1,DENV-1,,False
PX480256.1,DENV-1,,False
PX480255.1,DENV-1,,False
PX480254.1,DENV-1,,False
PX480253.1,DENV-1,,False
PX480252.1,DENV-1,,False
PX480251.1,DENV-1,,False
PX480250.1,DENV-1,,False
PX480249.1,DENV-1,,False
PX480248.1,DENV-1,,False
PX480247.1,DENV-1,,False
PX480246.1,DENV-1,,False
PX480245.1,DENV-1,,False
PX492105.1,DENV-2,,False
PX468539.1,DENV-2,,False
PX468538.1,DENV-2,,False
PX468537.1,DENV-2,,False
PX461619.1,DENV-1,,False
PX461615.1,DENV-1,,False
PX368925.1,DENV-4,,False
PX297389.1,DENV-3,,False
PX297388.1,DENV-4,,False
PX297385.1,DENV-3,,False
PX297368.1,DENV-1,,False
PX297367.1,DENV-1,,False
PX297365.1,DENV-1,,False
PX297362.1,DENV-1,,False
PX297359.1,DENV-1,,False
PX282481.1,DENV-3,,False
PX282480.1,DENV-3,,False
PX282478.1,DENV-3,,False
PX282477.1,DENV-3,,False
PX282469.1,DENV-1,,False
PX282467.1,DENV-1,,False
PX282464.1,DENV-1,,False
PX282457.1,DENV-1,,False
PX125311.1,DENV-3,,False
PV918782.1,DENV-3,,False
PV918781.1,DENV-3,,False
PV918780.1,DENV-3,,False
PV918779.1,DENV-3,,False
PV918778.1,DENV-3,,False
PV918777.1,DENV-3,,False
PV918776.1,DENV-3,,False
PV918775.1,DENV-3,,False
PV918774.1,DENV-3,,False
PV918773.1,DENV-3,,False
PV918772.1,DENV-3,,False
PV918771.1,DENV-3,,False
PV918770.1,DENV-3,,False
PV918769.1,DENV-3,,False
PV918768.1,DENV-3,,False
PV752130.1,DENV-2,,False
PV752129.1,DENV-2,,False
PV752128.1,DENV-2,,False
PV752127.1,DENV-2,,False
PV752126.1,DENV-2,,False
PV752125.1,DENV-2,,False
PV752124.1,DENV-2,,False
PV752123.1,DENV-2,,False
PV752122.1,DENV-2,,False
PV752121.1,DENV-2,,False
PV752120.1,DENV-2,,False
PV752119.1,DENV-2,,False
PV752118.1,DENV-2,,False
PV752117.1,DENV-2,,False
PV752116.1,DENV-2,,False
PV752115.1,DENV-2,,False
PV752114.1,DENV-2,,False
PV752113.1,DENV-2,,False
PV752112.1,DENV-2,,False
PV752111.1,DENV-2,,False
PV752110.1,DENV-2,,False
PV752109.1,DENV-2,,False
PV752108.1,DENV-2,,False
PV752107.1,DENV-2,,False
PV752106.1,DENV-2,,False
PV752105.1,DENV-2,,False
PV752104.1,DENV-2,,False
PV752103.1,DENV-2,,False
PV752102.1,DENV-2,,False
PV752101.1,DENV-2,,False
PV752100.1,DENV-2,,False
PV752099.1,DENV-2,,False
PV752098.1,DENV-2,,False
PV752097.1,DENV-2,,False
PV752096.1,DENV-2,,False
PV752095.1,DENV-2,,False
PV752094.1,DENV-2,,False
PV752093.1,DENV-2,,False
PV752092.1,DENV-2,,False
PV752091.1,DENV-2,,False
PV752090.1,DENV-2,,False
PV752089.1,DENV-2,,False
PV752088.1,DENV-2,,False
PV752087.1,DENV-2,,False
PV752086.1,DENV-2,,False
PV752085.1,DENV-2,,False
PV752084.1,DENV-2,,False
PV752083.1,DENV-2,,False
PV798798.1,DENV-1,,False
PV791001.1,DENV-2,,False
PV791000.1,DENV-2,,False
PV790969.1,DENV-2,,False
PV790966.1,DENV-2,,False
PV789662.1,DENV-2,,False
PV789655.1,DENV-2,,False
PV789653.1,DENV-1,,False
PV789651.1,DENV-4,,False
PV474419.1,DENV-3,,False
PV474418.1,DENV-3,,False
PV474417.1,DENV-3,,False
PV474414.1,DENV-3,,False
PV474413.1,DENV-3,,False
PV344375.1,DENV-4,,False
PV344355.1,DENV-4,,False
PV344354.1,DENV-4,,False
PV344274.1,DENV-1,,False
PV344273.1,DENV-1,,False
PV344271.1,DENV-1,,False
PV344268.1,DENV-1,,False
PV344266.1,DENV-1,,False
PV344263.1,DENV-1,,False
PV344260.1,DENV-1,,False
PV344259.1,DENV-1,,False
PV344258.1,DENV-1,,False
PP128486.1,DENV-4,,False
PV138436.1,DENV-4,,False
PV138435.1,DENV-4,,False
PV088277.1,DENV-3,,False
PV088276.1,DENV-2,,False
PV083773.1,DENV-1,,False
PV083756.1,DENV-1,,False
PV083749.1,DENV-1,,False
PV083748.1,DENV-1,,False
PV018436.1,DENV-2,,False
OZ060069.1,DENV-1,,False
OZ060068.1,DENV-1,,False
OZ060067.1,DENV-1,,False
OZ060066.1,DENV-1,,False
OZ060065.1,DENV-1,,False
OZ060064.1,DENV-1,,False
OZ060063.1,DENV-1,,False
OZ060062.1,DENV-1,,False
OZ060061.1,DENV-1,,False
OZ060060.1,DENV-1,,False
OZ060059.1,DENV-1,,False
OZ060058.1,DENV-1,,False
OZ060057.1,DENV-1,,False
OZ060056.1,DENV-1,,False
OZ060055.1,DENV-1,,False
OZ060054.1,DENV-1,,False
OZ060053.1,DENV-1,,False
OZ060052.1,DENV-1,,False
OZ060051.1,DENV-1,,False
OZ060050.1,DENV-1,,False
OZ060049.1,DENV-1,,False
OZ060048.1,DENV-1,,False
OZ060047.1,DENV-1,,False
OZ060046.1,DENV-1,,False
OZ060045.1,DENV-1,,False
OZ060044.1,DENV-1,,False
OZ060043.1,DENV-1,,False
OZ060042.1,DENV-1,,False
OZ060041.1,DENV-1,,False
OZ060040.1,DENV-1,,False
OZ060039.1,DENV-1,,False
OZ060038.1,DENV-1,,False
OZ060037.1,DENV-1,,False
OZ060036.1,DENV-1,,False
OZ060035.1,DENV-1,,False
OZ060034.1,DENV-1,,False
OZ060033.1,DENV-1,,False
OZ060032.1,DENV-1,,False
OZ060031.1,DENV-1,,False
OZ060030.1,DENV-1,,False
OZ060029.1,DENV-1,,False
OZ060028.1,DENV-1,,False
OZ060027.1,DENV-1,,False
OZ060026.1,DENV-1,,False
OZ060025.1,DENV-1,,False
OZ060024.1,DENV-1,,False
OZ060023.1,DENV-1,,False
OZ060022.1,DENV-1,,False
OZ060021.1,DENV-1,,False
OZ060020.1,DENV-1,,False
OZ060019.1,DENV-1,,False
OZ060018.1,DENV-1,,False
OZ060017.1,DENV-1,,False
OZ060016.1,DENV-1,,False
OZ060015.1,DENV-1,,False
OZ060014.1,DENV-1,,False
OZ060013.1,DENV-1,,False
OZ060012.1,DENV-1,,False
OZ060011.1,DENV-1,,False
OZ060010.1,DENV-1,,False
OZ060009.1,DENV-1,,False
OZ060008.1,DENV-1,,False
OZ060007.1,DENV-1,,False
OZ060006.1,DENV-1,,False
OZ060005.1,DENV-1,,False
OZ060004.1,DENV-1,,False
OZ060003.1,DENV-1,,False
OZ060002.1,DENV-1,,False
OZ060001.1,DENV-1,,False
OZ060000.1,DENV-1,,False
OZ059999.1,DENV-1,,False
OZ059998.1,DENV-1,,False
OZ059997.1,DENV-1,,False
OZ059996.1,DENV-1,,False
OZ059995.1,DENV-1,,False
OZ059994.1,DENV-1,,False
OZ059993.1,DENV-1,,False
OZ059992.1,DENV-1,,False
OZ059991.1,DENV-1,,False
OZ059990.1,DENV-1,,False
OZ059989.1,DENV-1,,False
OZ059988.1,DENV-1,,False
OZ059987.1,DENV-1,,False
OZ059986.1,DENV-1,,False
OZ059985.1,DENV-1,,False
OZ059984.1,DENV-1,,False
OZ059983.1,DENV-1,,False
OZ059982.1,DENV-1,,False
OZ059981.1,DENV-1,,False
OZ059980.1,DENV-1,,False
OZ059979.1,DENV-1,,False
OZ059978.1,DENV-1,,False
OZ059977.1,DENV-1,,False
OZ059976.1,DENV-1,,False
OZ059975.1,DENV-1,,False
OZ059974.1,DENV-1,,False
OZ059973.1,DENV-1,,False
OZ059972.1,DENV-1,,False
OZ059971.1,DENV-1,,False
OZ059970.1,DENV-1,,False
OZ059969.1,DENV-1,,False
OZ059968.1,DENV-1,,False
OZ059967.1,DENV-1,,False
OZ059966.1,DENV-1,,False
OZ059965.1,DENV-1,,False
OZ059964.1,DENV-1,,False
OZ059963.1,DENV-1,,False
OZ059962.1,DENV-1,,False
OZ059961.1,DENV-1,,False
OZ059960.1,DENV-1,,False
OZ059959.1,DENV-1,,False
OZ059958.1,DENV-1,,False
OZ059957.1,DENV-1,,False
OZ059956.1,DENV-1,,False
OZ059955.1,DENV-1,,False
OZ059954.1,DENV-1,,False
OZ059953.1,DENV-1,,False
OZ059952.1,DENV-1,,False
OZ059951.1,DENV-1,,False
OZ059950.1,DENV-1,,False
OZ059949.1,DENV-1,,False
OZ059948.1,DENV-1,,False
OZ059947.1,DENV-1,,False
OZ059946.1,DENV-1,,False
OZ059945.1,DENV-1,,False
OZ059944.1,DENV-1,,False
OZ059943.1,DENV-1,,False
OZ059942.1,DENV-1,,False
OZ059941.1,DENV-1,,False
OZ059940.1,DENV-1,,False
OZ059939.1,DENV-1,,False
OZ059938.1,DENV-1,,False
OZ059937.1,DENV-1,,False
OZ059936.1,DENV-1,,False
OZ059935.1,DENV-1,,False
OZ059934.1,DENV-1,,False
OZ059933.1,DENV-1,,False
OZ059932.1,DENV-1,,False
OZ059931.1,DENV-1,,False
OZ059930.1,DENV-1,,False
OZ059929.1,DENV-1,,False
OZ059928.1,DENV-1,,False
OZ059927.1,DENV-1,,False
OZ059926.1,DENV-1,,False
OZ059925.1,DENV-1,,False
OZ059924.1,DENV-1,,False
LC793497.1,DENV-3,,False
LC793496.1,DENV-3,,False
LC793495.1,DENV-1,,False
LC793494.1,DENV-1,,False
PQ667806.1,DENV-4,,False
PQ667805.1,DENV-3,,False
PQ667804.1,DENV-2,,False
PQ657766.1,DENV-2,,False
PP582683.1,DENV-3,,False
PP582680.1,DENV-3,,False
PP582679.1,DENV-3,,False
PP582678.1,DENV-3,,False
PP582677.1,DENV-3,,False
PP582676.1,DENV-3,,False
PP582675.1,DENV-3,,False
PP582674.1,DENV-3,,False
PP582670.1,DENV-3,,False
PP582669.1,DENV-3,,False
PP582668.1,DENV-3,,False
PP582667.1,DENV-3,,False
PP582666.1,DENV-3,,False
PP582665.1,DENV-3,,False
PP582664.1,DENV-3,,False
PP582662.1,DENV-3,,False
PP582661.1,DENV-3,,False
PP582660.1,DENV-3,,False
PP582659.1,DENV-3,,False
PP582658.1,DENV-3,,False
PP582657.1,DENV-3,,False
PP582655.1,DENV-3,,False
PP582654.1,DENV-3,,False
PP582652.1,DENV-3,,False
PP582642.1,DENV-3,,False
PP582641.1,DENV-3,,False
PP582639.1,DENV-3,,False
PP582638.1,DENV-3,,False
PP582637.1,DENV-3,,False
PP582635.1,DENV-3,,False
PP582632.1,DENV-3,,False
PP582627.1,DENV-3,,False
PP582623.1,DENV-3,,False
PP582622.1,DENV-3,,False
OR690442.1,DENV-1,,False
PQ555702.1,DENV-4,,False
PQ465587.1,DENV-2,,False
PP586203.1,DENV-4,,False
PP586198.1,DENV-3,,False
PQ357572.1,DENV-1,,False
PQ357570.1,DENV-1,,False
PQ357542.1,DENV-1,,False
PQ357540.1,DENV-1,,False
PQ357538.1,DENV-1,,False
PQ357537.1,DENV-1,,False
PQ357536.1,DENV-1,,False
PQ357520.1,DENV-2,,False
PQ357519.1,DENV-2,,False
PQ357512.1,DENV-3,,False
PQ357511.1,DENV-3,,False
PQ357326.1,DENV-4,,False
PQ203301.1,DENV-3,,False
PQ203300.1,DENV-3,,False
PQ203299.1,DENV-3,,False
PP968117.1,DENV-3,,False
PP902582.1,DENV-3,,False
PP902578.1,DENV-3,,False
PP902572.1,DENV-3,,False
OR053670.1,DENV-3,,False
PP711274.1,DENV-3,,False
PP564823.1,DENV-1,,False
PP563875.1,DENV-1,,False
PP563826.1,DENV-1,,False
PP563771.1,DENV-3,,False
PP546320.1,DENV-2,,False
PP540290.1,DENV-1,,False
PP326824.1,DENV-2,,False
PP326823.1,DENV-2,,False
PP326822.1,DENV-2,,False
PP326821.1,DENV-2,,False
PP326820.1,DENV-2,,False
PP326813.1,DENV-2,,False
ON127552.1,DENV-3,,False
ON127550.1,DENV-3,,False
ON127537.1,DENV-3,,False
ON127533.1,DENV-3,,False
ON127418.1,DENV-3,,False
ON116129.1,DENV-3,,False
ON115818.1,DENV-3,,False
ON115816.1,DENV-3,,False
ON115814.1,DENV-3,,False
ON115811.1,DENV-3,,False
ON115182.1,DENV-3,,False
ON115029.1,DENV-3,,False
ON115025.1,DENV-3,,False
ON115023.1,DENV-3,,False
ON115021.1,DENV-3,,False
ON111445.1,DENV-3,,False
ON103390.1,DENV-3,,False
ON103302.1,DENV-3,,False
OR821726.1,DENV-3,,False
OR821725.1,DENV-2,,False
OR821724.1,DENV-2,,False
OQ726075.1,DENV-2,,False
OQ726073.1,DENV-2,,False
OQ726070.1,DENV-2,,False
OQ725734.1,DENV-2,,False
OQ725730.1,DENV-2,,False
OP909734.1,DENV-2,,False
CAUJXG000000000.1,DENV-3,,False
CAUJXE000000000.1,DENV-3,,False
CAUJXB000000000.1,DENV-3,,False
CAUJXF000000000.1,DENV-3,,False
OR418423.1,DENV-3,,False
OR418422.1,DENV-1,,False
OQ948474.1,DENV-3,,False
OR125606.1,DENV-2,,False
OQ782228.1,DENV-2,,False
OQ782227.1,DENV-2,,False
OQ782223.1,DENV-2,,False
OQ782222.1,DENV-2,,False
OQ782220.1,DENV-2,,False
OQ782219.1,DENV-2,,False
OQ782217.1,DENV-2,,False
OQ782203.1,DENV-2,,False
OQ603306.1,DENV-3,,False
OQ603290.1,DENV-2,,False
OQ603288.1,DENV-2,,False
OQ603281.1,DENV-2,,False
OQ603279.1,DENV-2,,False
OQ603277.1,DENV-2,,False
OQ603271.1,DENV-2,,False
OQ603269.1,DENV-2,,False
OM257419.1,DENV-2,,False
OM256481.1,DENV-2,,False
OM250394.1,DENV-1,,False
OQ652965.1,DENV-2,,False
OQ652964.1,DENV-2,,False
MG721063.2,DENV-1,,False
MG721062.2,DENV-2,,False
MG721061.2,DENV-3,,False
MG721060.2,DENV-1,,False
MG721059.2,DENV-3,,False
MG721058.2,DENV-2,,False
MG721057.2,DENV-2,,False
MG721056.2,DENV-2,,False
MG721054.2,DENV-2,,False
MG592698.2,DENV-2,,False
MH822944.2,DENV-2,,False
MH822943.2,DENV-2,,False
MH822942.2,DENV-2,,False
MH822941.2,DENV-2,,False
MH822940.2,DENV-2,,False
MH822939.2,DENV-2,,False
MH822949.2,DENV-2,,False
MH822948.2,DENV-2,,False
MH822947.2,DENV-2,,False
MH822946.2,DENV-2,,False
MH822945.2,DENV-2,,False
MH822954.2,DENV-2,,False
MH822953.2,DENV-2,,False
MH822952.2,DENV-2,,False
MH822951.2,DENV-2,,False
MH822950.2,DENV-2,,False
MH822959.2,DENV-1,,False
MH822958.2,DENV-1,,False
MH822957.2,DENV-3,,False
MH822956.2,DENV-2,,False
MH822955.2,DENV-2,,False
OM281599.1,DENV-1,,False
OM281598.1,DENV-1,,False
OM281597.1,DENV-1,,False
OM281596.1,DENV-1,,False
OM281595.1,DENV-1,,False
OM281594.1,DENV-1,,False
OM281593.1,DENV-1,,False
OM281592.1,DENV-1,,False
OM281591.1,DENV-1,,False
OM281590.1,DENV-1,,False
OM281589.1,DENV-1,,False
OM281588.1,DENV-1,,False
OM281587.1,DENV-1,,False
OM281586.1,DENV-1,,False
OM281585.1,DENV-1,,False
OM281584.1,DENV-1,,False
OM281583.1,DENV-1,,False
OM281582.1,DENV-1,,False
OM281581.1,DENV-1,,False
OM281580.1,DENV-1,,False
OM281579.1,DENV-1,,False
OM281578.1,DENV-1,,False
OM281577.1,DENV-1,,False
OM281576.1,DENV-1,,False
OM281575.1,DENV-1,,False
OM281574.1,DENV-1,,False
OM281573.1,DENV-1,,False
OM281572.1,DENV-1,,False
OM281571.1,DENV-1,,False
OM281570.1,DENV-1,,False
OM281569.1,DENV-1,,False
OQ101603.1,DENV-2,,False
ON799403.1,DENV-4,,False
ON799402.1,DENV-4,,False
ON799266.1,DENV-1,,False
ON123670.1,DENV-3,,False
ON123669.1,DENV-3,,False
ON123668.1,DENV-4,,False
ON123667.1,DENV-1,,False
ON123665.1,DENV-3,,False
ON123664.1,DENV-1,,False
ON123662.1,DENV-3,,False
ON123661.1,DENV-1,,False
ON123660.1,DENV-3,,False
ON123659.1,DENV-3,,False
ON123658.1,DENV-3,,False
ON123657.1,DENV-1,,False
ON123655.1,DENV-3,,False
ON123654.1,DENV-1,,False
ON123651.1,DENV-2,,False
ON123650.1,DENV-1,,False
ON123646.1,DENV-1,,False
LC436677.1,DENV-3,,False
LC436676.1,DENV-3,,False
LC436675.1,DENV-2,,False
LC436674.1,DENV-2,,False
LC436673.1,DENV-2,,False
LC436672.1,DENV-2,,False
LC436671.1,DENV-2,,False
LC436670.1,DENV-2,,False
LC436669.1,DENV-2,,False
LC436668.1,DENV-1,,False
LC436667.1,DENV-1,,False
OL314747.1,DENV-4,,False
OL314746.1,DENV-4,,False
OL314745.1,DENV-4,,False
OL314744.1,DENV-4,,False
OL314743.1,DENV-4,,False
OL314742.1,DENV-4,,False
OL314741.1,DENV-4,,False
OL314740.1,DENV-4,,False
OL314739.1,DENV-4,,False
OL314738.1,DENV-4,,False
OL314737.1,DENV-4,,False
OL314736.1,DENV-4,,False
OL314735.1,DENV-4,,False
MW396468.1,DENV-3,,False
MW396465.1,DENV-3,,False
OM202935.1,,,False
OM202934.1,,,False
OP411002.1,DENV-4,,False
OP411001.1,DENV-4,,False
OP411000.1,DENV-4,,False
OP410999.1,DENV-4,,False
OP410998.1,DENV-3,,False
OP410997.1,DENV-3,,False
OP410996.1,DENV-3,,False
OP410995.1,DENV-3,,False
OP410994.1,DENV-3,,False
OP410993.1,DENV-3,,False
OP410992.1,DENV-2,,False
OP410991.1,DENV-2,,False
OP410990.1,DENV-2,,False
OP410989.1,DENV-2,,False
LC707382.1,DENV-1,,False
MZ215848.1,DENV-4,,False
ON398847.1,DENV-2,,False
MW721472.1,DENV-2,,False
MW721459.1,DENV-2,,False
ON109597.1,DENV-1,,False
OM681318.1,DENV-2,,False
OM639982.1,DENV-2,,False
LC652828.1,DENV-1,,False
LC652827.1,DENV-1,,False
OL452067.1,DENV-1,,False
OK605771.1,DENV-4,,False
OK605770.1,DENV-4,,False
OK605769.1,DENV-4,,False
OK605768.1,DENV-4,,False
OK605767.1,DENV-4,,False
OK605766.1,DENV-3,,False
OK605765.1,DENV-3,,False
OK605764.1,DENV-3,,False
OK605763.1,DENV-3,,False
OK605762.1,DENV-3,,False
OK605761.1,DENV-2,,False
OK605760.1,DENV-2,,False
OK605759.1,DENV-2,,False
OK605758.1,DENV-2,,False
OK605757.1,DENV-2,,False
OK605756.1,DENV-1,,False
OK605755.1,DENV-1,,False
OK605754.1,DENV-1,,False
OK605753.1,DENV-1,,False
LC666719.1,DENV-2,,False
LC666718.1,DENV-2,,False
OK448162.1,DENV-1,,False
OK605599.1,DENV-4,,False
OK562728.1,DENV-1,,False
MW315195.1,DENV-1,,False
MW315194.1,DENV-1,,False
MW315191.1,DENV-1,,False
MW315189.1,DENV-1,,False
MW315188.1,DENV-1,,False
MW315185.1,DENV-1,,False
MW315183.1,DENV-1,,False
MW315182.1,DENV-1,,False
MW315181.1,DENV-1,,False
MW315178.1,DENV-1,,False
MW315177.1,DENV-1,,False
MW315176.1,DENV-1,,False
MW315175.1,DENV-1,,False
MW315172.1,DENV-1,,False
MW577849.1,DENV-2,,False
MW577834.1,DENV-2,,False
MW577833.1,DENV-2,,False
MW577832.1,DENV-2,,False
MW577831.1,DENV-2,,False
MW577830.1,DENV-2,,False
MW577825.1,DENV-2,,False
MW577824.1,DENV-2,,False
MW577823.1,DENV-2,,False
MW577822.1,DENV-2,,False
MW577821.1,DENV-2,,False
MW577819.1,DENV-2,,False
MW577818.1,DENV-2,,False
MW577817.1,DENV-2,,False
MW577816.1,DENV-2,,False
MW577815.1,DENV-2,,False
MW577813.1,DENV-2,,False
MW512498.1,DENV-2,,False
MW512497.1,DENV-2,,False
MW512496.1,DENV-2,,False
MW512494.1,DENV-2,,False
MW512493.1,DENV-2,,False
MW512492.1,DENV-2,,False
MW512491.1,DENV-2,,False
MW512490.1,DENV-2,,False
MW512489.1,DENV-2,,False
MW512488.1,DENV-2,,False
MW512487.1,DENV-2,,False
MW512486.1,DENV-2,,False
MW512485.1,DENV-2,,False
MW512483.1,DENV-2,,False
MW512482.1,DENV-2,,False
MW512481.1,DENV-2,,False
MW512480.1,DENV-2,,False
MW512479.1,DENV-2,,False
MW512477.1,DENV-2,,False
MW512476.1,DENV-2,,False
MW512475.1,DENV-2,,False
MW512474.1,DENV-2,,False
MW512473.1,DENV-2,,False
MW512472.1,DENV-2,,False
MW512471.1,DENV-2,,False
MW512470.1,DENV-2,,False
MW512469.1,DENV-2,,False
MW512468.1,DENV-2,,False
MW512467.1,DENV-2,,False
MW512465.1,DENV-2,,False
MW512462.1,DENV-2,,False
MW512461.1,DENV-2,,False
MW512458.1,DENV-2,,False
MW512457.1,DENV-2,,False
MW512456.1,DENV-2,,False
MW512454.1,DENV-2,,False
MW512451.1,DENV-2,,False
MW512450.1,DENV-2,,False
MW512449.1,DENV-2,,False
MW512448.1,DENV-2,,False
MW512447.1,DENV-2,,False
MW512446.1,DENV-2,,False
MW512445.1,DENV-2,,False
MW512444.1,DENV-2,,False
MW512443.1,DENV-2,,False
MW512441.1,DENV-2,,False
MW512440.1,DENV-2,,False
MW512439.1,DENV-2,,False
MW512438.1,DENV-2,,False
MW512437.1,DENV-2,,False
MW512436.1,DENV-2,,False
MW512435.1,DENV-2,,False
MW512434.1,DENV-2,,False
MW512433.1,DENV-2,,False
MW512432.1,DENV-2,,False
MW512431.1,DENV-2,,False
MW512430.1,DENV-2,,False
MW512429.1,DENV-2,,False
MW512428.1,DENV-2,,False
MW512427.1,DENV-2,,False
MW512426.1,DENV-2,,False
MW512425.1,DENV-2,,False
MW512423.1,DENV-2,,False
MW512422.1,DENV-2,,False
MW512421.1,DENV-2,,False
MW512420.1,DENV-2,,False
MW512418.1,DENV-2,,False
MW512417.1,DENV-2,,False
MW512415.1,DENV-2,,False
MW512414.1,DENV-2,,False
MW512413.1,DENV-2,,False
MW512412.1,DENV-2,,False
MW512411.1,DENV-2,,False
MW512410.1,DENV-2,,False
MW512409.1,DENV-2,,False
MW512408.1,DENV-2,,False
MW512407.1,DENV-2,,False
MW512406.1,DENV-2,,False
MW512405.1,DENV-2,,False
MW512404.1,DENV-2,,False
MW512403.1,DENV-2,,False
MW512402.1,DENV-2,,False
MW512401.1,DENV-2,,False
MW512400.1,DENV-2,,False
MW512399.1,DENV-2,,False
MW512398.1,DENV-2,,False
MW512396.1,DENV-2,,False
MW512395.1,DENV-2,,False
MW512393.1,DENV-2,,False
MW512392.1,DENV-2,,False
MW512391.1,DENV-2,,False
MW512390.1,DENV-2,,False
MW512389.1,DENV-2,,False
MW512388.1,DENV-2,,False
MW512386.1,DENV-2,,False
MW512385.1,DENV-2,,False
MW512384.1,DENV-2,,False
MW512383.1,DENV-2,,False
MW512382.1,DENV-2,,False
MW512381.1,DENV-2,,False
MW512380.1,DENV-2,,False
MW512379.1,DENV-2,,False
MW512378.1,DENV-2,,False
MW512377.1,DENV-2,,False
MW512376.1,DENV-2,,False
MW512375.1,DENV-2,,False
MW512374.1,DENV-2,,False
MW512373.1,DENV-2,,False
MW512372.1,DENV-2,,False
MW512371.1,DENV-2,,False
MW512370.1,DENV-2,,False
MW512369.1,DENV-2,,False
MW512368.1,DENV-2,,False
MW512367.1,DENV-2,,False
MW512366.1,DENV-2,,False
MW512365.1,DENV-2,,False
MW512364.1,DENV-2,,False
MW512363.1,DENV-2,,False
MW512362.1,DENV-2,,False
MW512341.1,DENV-2,,False
MZ285732.1,DENV-3,,False
MZ284953.1,DENV-3,,False
MZ008467.1,DENV-2,,False
MZ008463.1,DENV-2,,False
MW828678.1,DENV-1,,False
MW793460.1,DENV-4,,False
MW793459.1,DENV-4,,False
MW186240.1,DENV-2,,False
MW186239.1,DENV-2,,False
MW362474.1,DENV-1,,False
MW362471.1,DENV-1,,False
MW582816.1,DENV-1,,False
MW582815.1,DENV-1,,False
MW582814.1,DENV-1,,False
MW582813.1,DENV-1,,False
MK783210.1,DENV-2,,False
MK783209.1,DENV-2,,False
MK783208.1,DENV-2,,False
MK783207.1,DENV-2,,False
MK783206.1,DENV-2,,False
MK783205.1,DENV-2,,False
MK783204.1,DENV-2,,False
MK783203.1,DENV-2,,False
MK783202.1,DENV-2,,False
MK783201.1,DENV-2,,False
MK783200.1,DENV-2,,False
MK783199.1,DENV-2,,False
MK783198.1,DENV-2,,False
MK783197.1,DENV-2,,False
MK783196.1,DENV-2,,False
MK783195.1,DENV-2,,False
MK783194.1,DENV-2,,False
MK783193.1,DENV-2,,False
MK783192.1,DENV-2,,False
MK783191.1,DENV-2,,False
MK783190.1,DENV-2,,False
MK783189.1,DENV-2,,False
MW386867.1,DENV-1,,False
MW386865.1,DENV-1,,False
MN566112.1,DENV-2,,False
MN566111.1,DENV-2,,False
MN253125.1,DENV-3,,False
MN294937.1,DENV-2,,False
MT921571.1,DENV-2,,False
MN886874.1,DENV-1,,False
MN886870.1,DENV-1,,False
MN886865.1,DENV-1,,False
MT076955.1,DENV-4,,False
MT076937.1,DENV-2,,False
MT076935.1,DENV-1,,False
MT076934.1,DENV-1,,False
MT076933.1,DENV-1,,False
MT076932.1,DENV-1,,False
MT180479.1,DENV-2,,False
MT447147.1,DENV-1,,False
LC379197.1,DENV-3,,False
LC379196.1,DENV-3,,False
LC379195.1,DENV-3,,False
LC379194.1,DENV-3,,False
LC379193.1,DENV-3,,False
MK517773.1,DENV-2,,False
KR052012.1,,,False
MN192436.1,DENV-4,,False
MN018398.1,DENV-4,,False
MN018397.1,DENV-4,,False
MN018396.1,DENV-4,,False
MN018395.1,DENV-4,,False
MN018394.1,DENV-4,,False
MN018393.1,DENV-4,,False
MN018392.1,DENV-4,,False
MN018391.1,DENV-4,,False
MN018390.1,DENV-4,,False
MN018389.1,DENV-3,,False
MN018388.1,DENV-3,,False
MN018387.1,DENV-3,,False
MN018386.1,DENV-3,,False
MN018385.1,DENV-3,,False
MN018384.1,DENV-3,,False
MN018383.1,DENV-3,,False
MN018382.1,DENV-3,,False
MN018381.1,DENV-3,,False
MN018380.1,DENV-3,,False
MN018379.1,DENV-3,,False
MN018378.1,DENV-3,,False
MN018377.1,DENV-3,,False
MN018376.1,DENV-3,,False
MN018375.1,DENV-3,,False
MN018374.1,DENV-3,,False
MN018373.1,DENV-3,,False
MN018372.1,DENV-3,,False
MN018371.1,DENV-3,,False
MN018370.1,DENV-3,,False
MN018369.1,DENV-3,,False
MN018368.1,DENV-3,,False
MN018367.1,DENV-3,,False
MN018366.1,DENV-2,,False
MN018365.1,DENV-2,,False
MN018364.1,DENV-2,,False
MN018363.1,DENV-2,,False
MN018362.1,DENV-2,,False
MN018361.1,DENV-2,,False
MN018360.1,DENV-2,,False
MN018359.1,DENV-2,,False
MN018358.1,DENV-2,,False
MN018357.1,DENV-2,,False
MN018356.1,DENV-2,,False
MN018355.1,DENV-2,,False
MN018354.1,DENV-2,,False
MN018353.1,DENV-2,,False
MN018352.1,DENV-2,,False
MN018351.1,DENV-2,,False
MN018350.1,DENV-2,,False
MN018349.1,DENV-2,,False
MN018348.1,DENV-2,,False
MN018347.1,DENV-2,,False
MN018346.1,DENV-2,,False
MN018345.1,DENV-2,,False
MN018344.1,DENV-2,,False
MN018343.1,DENV-2,,False
MN018342.1,DENV-2,,False
MN018341.1,DENV-2,,False
MN018340.1,DENV-2,,False
MN018339.1,DENV-2,,False
MN018338.1,DENV-2,,False
MN018337.1,DENV-2,,False
MN018336.1,DENV-1,,False
MN018335.1,DENV-1,,False
MN018334.1,DENV-1,,False
MN018333.1,DENV-1,,False
MN018332.1,DENV-1,,False
MN018331.1,DENV-1,,False
MN018330.1,DENV-1,,False
MN018329.1,DENV-1,,False
MN018328.1,DENV-1,,False
MN018327.1,DENV-1,,False
MN018326.1,DENV-1,,False
MN018325.1,DENV-1,,False
MN018324.1,DENV-1,,False
MN018323.1,DENV-1,,False
MN018322.1,DENV-1,,False
MN018321.1,DENV-1,,False
MN018320.1,DENV-1,,False
MN018319.1,DENV-1,,False
MN018318.1,DENV-1,,False
MN018317.1,DENV-1,,False
MN018316.1,DENV-1,,False
MN018315.1,DENV-1,,False
MN018314.1,DENV-1,,False
MN018313.1,DENV-1,,False
MN018312.1,DENV-1,,False
MN018311.1,DENV-1,,False
MN018310.1,DENV-1,,False
MN018309.1,DENV-1,,False
MN018308.1,DENV-1,,False
MN018307.1,DENV-1,,False
MN018306.1,DENV-1,,False
MN018305.1,DENV-1,,False
MN018304.1,DENV-1,,False
MN018303.1,DENV-1,,False
MN018302.1,DENV-1,,False
MN018301.1,DENV-1,,False
MN018300.1,DENV-1,,False
MN018299.1,DENV-1,,False
MN018298.1,DENV-1,,False
MN018297.1,DENV-1,,False
MN018296.1,DENV-1,,False
MN018295.1,DENV-1,,False
MN018294.1,DENV-1,,False
MN018293.1,DENV-1,,False
MN018292.1,DENV-1,,False
MN018291.1,DENV-1,,False
MN018290.1,DENV-1,,False
MN018289.1,DENV-1,,False
MN018288.1,DENV-1,,False
MN018287.1,DENV-1,,False
MN018286.1,DENV-1,,False
MN018285.1,DENV-1,,False
KJ579245.1,DENV-4,,False
KJ596658.1,DENV-4,,False
KJ596659.1,DENV-4,,False
KJ596660.1,DENV-4,,False
KJ596661.1,DENV-4,,False
KJ596662.1,DENV-4,,False
KJ596663.1,DENV-4,,False
KJ596664.1,DENV-4,,False
KJ596665.1,DENV-4,,False
KJ596666.1,DENV-4,,False
KJ596667.1,DENV-4,,False
KJ596668.1,DENV-4,,False
KJ596669.1,DENV-4,,False
KJ596670.1,DENV-4,,False
KJ596671.1,DENV-4,,False
KJ596672.1,DENV-4,,False
KJ596673.1,DENV-4,,False
KJ596674.1,DENV-4,,False
KJ579248.1,DENV-4,,False
KJ579247.1,DENV-4,,False
KJ579246.1,DENV-4,,False
KJ579244.1,DENV-4,,False
KJ579243.1,DENV-4,,False
KJ579242.1,DENV-4,,False
KJ579241.1,DENV-4,,False
KJ579240.1,DENV-4,,False
JN819404.1,DENV-2,,False
MH891772.1,DENV-2,,False
MH891771.1,DENV-1,,False
MH891770.1,DENV-2,,False
MH891769.1,DENV-4,,False
MH891768.1,DENV-2,,False
MH891767.1,DENV-1,,False
MH891766.1,DENV-3,,False
MK005258.1,DENV-3,,False
MF940253.1,DENV-2,,False
MF940252.1,DENV-2,,False
MF940251.1,DENV-2,,False
MF940250.1,DENV-2,,False
MF940249.1,DENV-2,,False
MF940248.1,DENV-2,,False
MF940247.1,DENV-2,,False
MF940246.1,DENV-2,,False
MF940245.1,DENV-2,,False
MF940244.1,DENV-2,,False
MF940243.1,DENV-2,,False
MF940242.1,DENV-2,,False
MF940241.1,DENV-2,,False
MF940240.1,DENV-2,,False
MF940239.1,DENV-2,,False
MF940238.1,DENV-2,,False
MF940237.1,DENV-2,,False
MF940236.1,DENV-2,,False
MN272405.1,DENV-2,,False
MN272404.1,DENV-2,,False
MN328061.1,DENV-2,,False
MN239505.1,DENV-2,,False
MK411559.1,DENV-2,,False
MK411558.1,DENV-2,,False
MH827554.1,DENV-2,,False
MH827553.1,DENV-2,,False
MH827552.1,DENV-2,,False
MH827551.1,DENV-2,,False
MH827550.1,DENV-2,,False
MH827549.1,DENV-2,,False
MH827548.1,DENV-2,,False
MH827547.1,DENV-2,,False
MH827546.1,DENV-2,,False
MH827545.1,DENV-2,,False
MH827544.1,DENV-2,,False
MH827543.1,DENV-2,,False
MH827542.1,DENV-2,,False
MH827541.1,DENV-2,,False
MH827540.1,DENV-2,,False
MH827539.1,DENV-2,,False
MH827538.1,DENV-2,,False
MH827537.1,DENV-2,,False
MH827536.1,DENV-2,,False
MH827535.1,DENV-2,,False
MH827534.1,DENV-2,,False
MH827533.1,DENV-2,,False
MH827532.1,DENV-2,,False
MH827531.1,DENV-2,,False
MH827530.1,DENV-2,,False
MH827529.1,DENV-2,,False
MH827528.1,DENV-2,,False
MH827527.1,DENV-2,,False
MH827526.1,DENV-2,,False
MH827525.1,DENV-2,,False
NC_001475.2,DENV-3,,False
NC_001474.2,DENV-2,,False
NC_002640.1,DENV-4,,False
MG181997.1,DENV-1,,False
MK894341.1,DENV-3,,False
MK894340.1,DENV-3,,False
MK894339.1,DENV-3,,False
MK894338.1,DENV-3,,False
NC_001477.1,DENV-1,,False
MG097876.1,DENV-1,,False
MG097875.1,DENV-1,,False
MK514144.1,DENV-4,,False
MH781015.1,DENV-2,,False
MH781014.1,DENV-2,,False
MH781013.1,DENV-2,,False
MK543479.1,DENV-2,,False
MK543471.1,DENV-2,,False
MK543450.1,DENV-2,,False
MK543449.1,DENV-2,,False
MK543448.1,DENV-2,,False
MH613986.1,DENV-2,,False
MH613985.1,DENV-2,,False
MH613984.1,DENV-2,,False
MK506266.1,DENV-4,,False
MK506265.1,DENV-3,,False
MK506264.1,DENV-2,,False
MK506263.1,DENV-2,,False
MK506262.1,DENV-1,,False
MK513444.1,DENV-2,,False
KY672960.1,DENV-4,,False
KY672959.1,DENV-4,,False
KY672958.1,DENV-4,,False
KY672957.1,DENV-4,,False
KY672956.1,DENV-4,,False
KY672955.1,DENV-2,,False
KY672954.1,DENV-2,,False
KY672953.1,DENV-2,,False
KY672952.1,DENV-2,,False
KY672951.1,DENV-2,,False
KY672950.1,DENV-2,,False
KY672949.1,DENV-2,,False
KY672948.1,DENV-2,,False
KY672947.1,DENV-2,,False
KY672946.1,DENV-2,,False
KY672945.1,DENV-2,,False
KY672944.1,DENV-1,,False
KY672943.1,DENV-1,,False
KY672942.1,DENV-1,,False
KY672941.1,DENV-1,,False
KY672940.1,DENV-1,,False
KY672939.1,DENV-1,,False
KY672938.1,DENV-1,,False
KY672937.1,DENV-1,,False
KY672936.1,DENV-1,,False
KY672935.1,DENV-1,,False
KY672934.1,DENV-1,,False
KY672933.1,DENV-1,,False
KY672932.1,DENV-1,,False
KY672931.1,DENV-1,,False
MH823210.1,DENV-4,,False
MH823209.1,DENV-3,,False
MH823208.1,DENV-2,,False
MH823207.1,DENV-1,,False
MK268692.1,DENV-2,,False
MH888334.1,DENV-4,,False
MH888333.1,DENV-3,,False
MH888332.1,DENV-3,,False
MH888331.1,DENV-2,,False
MH010629.1,DENV-2,,False
MG721055.1,DENV-2,,False
MG721064.1,DENV-3,,False
KY923048.1,DENV-2,,False
MH921567.1,DENV-1,,False
MH921566.1,DENV-1,,False
MH985859.1,DENV-2,,False
MH985858.1,DENV-2,,False
KY057373.1,DENV-1,,False
KY057372.1,DENV-1,,False
KY057371.1,DENV-1,,False
KY057370.1,DENV-1,,False
KY057369.1,DENV-1,,False
KY057368.1,DENV-1,,False
KY057367.1,DENV-1,,False
KY057366.1,DENV-1,,False
KY057365.1,DENV-1,,False
MG767211.1,DENV-1,,False
MG560144.1,DENV-2,,False
MG560143.1,DENV-2,,False
MH382789.1,DENV-4,,False
MH110603.1,DENV-2,,False
MH110602.1,DENV-2,,False
MH110601.1,DENV-2,,False
MH110600.1,DENV-2,,False
MH110599.1,DENV-2,,False
MH110598.1,DENV-2,,False
MH110597.1,DENV-2,,False
MH110596.1,DENV-2,,False
MH110595.1,DENV-2,,False
MH110594.1,DENV-2,,False
MH110593.1,DENV-2,,False
MH110592.1,DENV-2,,False
MH110591.1,DENV-2,,False
MH110590.1,DENV-2,,False
MH110589.1,DENV-2,,False
MH110588.1,DENV-2,,False
MH110587.1,DENV-2,,False
MH110586.1,DENV-2,,False
MH110585.1,DENV-2,,False
MH110584.1,DENV-2,,False
MH110583.1,DENV-2,,False
MH110582.1,DENV-2,,False
MH110581.1,DENV-2,,False
MH110580.1,DENV-2,,False
MH110579.1,DENV-2,,False
MH110578.1,DENV-2,,False
MH110577.1,DENV-2,,False
MH110576.1,DENV-2,,False
MH110575.1,DENV-2,,False
MH110574.1,DENV-2,,False
MH110573.1,DENV-2,,False
MH110572.1,DENV-2,,False
MH110571.1,DENV-2,,False
MH110570.1,DENV-2,,False
MH110569.1,DENV-2,,False
MH110568.1,DENV-2,,False
MH110567.1,DENV-2,,False
MH110566.1,DENV-2,,False
MH110565.1,DENV-2,,False
MH110564.1,DENV-2,,False
MG877557.1,DENV-1,,False
MG877556.1,DENV-1,,False
MG877555.1,DENV-1,,False
MG877554.1,DENV-1,,False
MG877553.1,DENV-1,,False
MG877552.1,DENV-1,,False
MF033261.1,DENV-1,,False
MF033260.1,DENV-1,,False
MF033259.1,DENV-1,,False
MF033258.1,DENV-1,,False
MF033257.1,DENV-1,,False
MF033256.1,DENV-1,,False
MF033255.1,DENV-1,,False
MF033254.1,DENV-1,,False
MF033253.1,DENV-1,,False
MF033252.1,DENV-1,,False
MF033251.1,DENV-1,,False
MF033250.1,DENV-1,,False
MF033249.1,DENV-1,,False
MF033248.1,DENV-1,,False
MF033247.1,DENV-1,,False
MF033246.1,DENV-1,,False
MF033245.1,DENV-1,,False
MF033244.1,DENV-1,,False
MF033243.1,DENV-1,,False
MF033242.1,DENV-1,,False
MF033241.1,DENV-1,,False
MF033240.1,DENV-1,,False
MF033239.1,DENV-1,,False
MF033238.1,DENV-1,,False
MF033237.1,DENV-1,,False
MF033236.1,DENV-1,,False
MF033235.1,DENV-1,,False
MF033234.1,DENV-1,,False
MF033233.1,DENV-1,,False
MF033232.1,DENV-1,,False
MF033231.1,DENV-1,,False
MF033230.1,DENV-1,,False
MF033229.1,DENV-1,,False
MF033228.1,DENV-1,,False
MF033227.1,DENV-1,,False
MF033226.1,DENV-1,,False
MF033225.1,DENV-1,,False
MF033224.1,DENV-1,,False
MF033223.1,DENV-1,,False
MF033222.1,DENV-1,,False
MF033221.1,DENV-1,,False
MF033220.1,DENV-1,,False
MF033219.1,DENV-1,,False
MF033218.1,DENV-1,,False
MF033217.1,DENV-1,,False
MF033216.1,DENV-1,,False
MF033215.1,DENV-1,,False
MF033214.1,DENV-1,,False
MF033213.1,DENV-1,,False
MF033212.1,DENV-1,,False
MF033211.1,DENV-1,,False
MF033210.1,DENV-1,,False
MF033209.1,DENV-1,,False
MF033208.1,DENV-1,,False
MF033207.1,DENV-1,,False
MF033206.1,DENV-1,,False
MF033205.1,DENV-1,,False
MF033204.1,DENV-1,,False
MF033203.1,DENV-1,,False
MF033202.1,DENV-1,,False
MF033201.1,DENV-1,,False
MF033200.1,DENV-1,,False
MF033199.1,DENV-1,,False
MF033198.1,DENV-1,,False
MF033197.1,DENV-1,,False
MF033196.1,DENV-1,,False
MG560269.1,DENV-1,,False
MG560268.1,DENV-1,,False
MG560267.1,DENV-1,,False
MG560266.1,DENV-1,,False
MG560265.1,DENV-1,,False
MG679801.1,DENV-1,,False
MG679800.1,DENV-1,,False
MH544651.1,DENV-3,,False
MH544650.1,DENV-3,,False
MH544649.1,DENV-3,,False
MH544647.1,DENV-3,,False
MF459663.3,DENV-2,,False
MH450301.2,,,False
MH450311.1,,,False
MH450310.1,,,False
MH450309.1,,,False
MH450308.1,,,False
MH450307.1,,,False
MH450306.1,,,False
MH450305.1,,,False
MH450304.1,,,False
MH450303.1,,,False
MH450302.1,,,False
MH450300.1,,,False
MH450299.1,,,False
MH450298.1,,,False
MH450297.1,,,False
MH450296.1,,,False
MH450295.1,,,False
MH450312.1,DENV-1,,False
KX618706.1,DENV-1,,False
KX618705.1,DENV-1,,False
MH215277.1,DENV-2,,False
MH069499.1,DENV-2,,False
MH069498.1,DENV-2,,False
MH069497.1,DENV-2,,False
MH069496.1,DENV-2,,False
MH069495.1,DENV-2,,False
MF314189.1,DENV-2,,False
MF314188.1,DENV-1,,False
MG272274.1,DENV-4,,False
MG272273.1,DENV-4,,False
MG272272.1,DENV-4,,False
MF043956.1,DENV-2,,False
KY926849.1,DENV-1,,False
KY926848.1,DENV-1,,False
KY794790.1,DENV-3,,False
KY794789.1,DENV-3,,False
KY794788.1,DENV-3,,False
KY794787.1,DENV-3,,False
KY794786.1,DENV-3,,False
KY794785.1,DENV-2,,False
MG601754.1,DENV-4,,False
KY670635.1,DENV-4,,False
KY670634.1,DENV-3,,False
KY670633.1,DENV-2,,False
MF683117.1,DENV-1,,False
MF683116.1,DENV-1,,False
MF681693.1,DENV-1,,False
MF681692.1,DENV-1,,False
LC367234.1,DENV-2,,False
KX855927.1,DENV-3,,False
KY474335.1,DENV-4,,False
KY474334.1,DENV-2,,False
KY474333.1,DENV-2,,False
KY474332.1,DENV-2,,False
KY474331.1,DENV-2,,False
KY474330.1,DENV-2,,False
KY474329.1,DENV-2,,False
KY474328.1,DENV-2,,False
KY474327.1,DENV-2,,False
KY474326.1,DENV-2,,False
KY474325.1,DENV-2,,False
KY474324.1,DENV-2,,False
KY474323.1,DENV-2,,False
KY474322.1,DENV-2,,False
KY474321.1,DENV-2,,False
KY474320.1,DENV-2,,False
KY474319.1,DENV-2,,False
KY474318.1,DENV-2,,False
KY474317.1,DENV-2,,False
KY474316.1,DENV-2,,False
KY474315.1,DENV-2,,False
KY474314.1,DENV-2,,False
KY474313.1,DENV-2,,False
KY474312.1,DENV-2,,False
KY474311.1,DENV-2,,False
KY474310.1,DENV-2,,False
KY474309.1,DENV-2,,False
KY474308.1,DENV-2,,False
KY474307.1,DENV-1,,False
KY474306.1,DENV-1,,False
KY474305.1,DENV-1,,False
KY474304.1,DENV-1,,False
KY474303.1,DENV-1,,False
KY882458.1,DENV-2,,False
MG189962.1,DENV-2,,False
MF797878.1,DENV-1,,False
MF576311.1,DENV-1,,False
KY937190.1,DENV-2,,False
KY937189.1,DENV-2,,False
KY937188.1,DENV-2,,False
KY937187.1,DENV-2,,False
KY937186.1,DENV-2,,False
KY937185.1,DENV-2,,False
KY451945.1,DENV-4,,False
KX702404.1,DENV-2,,False
MF405201.1,DENV-1,,False
MF370226.1,DENV-3,,False
KY863456.1,DENV-3,,False
KY829115.1,DENV-1,,False
KX595191.1,DENV-1,,False
KT279761.2,DENV-1,,False
KY427085.1,DENV-2,,False
KY427084.1,DENV-2,,False
KY921910.1,DENV-4,,False
KY921909.1,DENV-4,,False
KY921907.1,DENV-3,,False
KY921906.1,DENV-3,,False
KY921905.1,DENV-2,,False
KY921904.1,DENV-2,,False
KY921903.1,DENV-1,,False
KY921902.1,DENV-1,,False
KX224312.2,DENV-4,,False
LC129172.1,DENV-2,,False
LC129171.1,DENV-2,,False
LC129170.1,DENV-2,,False
LC129169.1,DENV-2,,False
KX845005.1,DENV-4,,False
KP792537.2,DENV-4,,False
KR779786.2,DENV-2,,False
AB214882.1,DENV-3,,False
AB214881.1,DENV-3,,False
AB214880.1,DENV-3,,False
AB214879.1,DENV-3,,False
AB195673.1,DENV-1,,False
KY627763.1,DENV-2,,False
KY627762.1,DENV-2,,False
KX655788.1,DENV-2,,False
KX655787.1,DENV-2,,False
KX655786.1,DENV-2,,False
KX621253.1,DENV-1,,False
KX621252.1,DENV-1,,False
KX621251.1,DENV-1,,False
KX621250.1,DENV-1,,False
KX621249.1,DENV-1,,False
KX621248.1,DENV-2,,False
KX621247.1,DENV-2,,False
KX621246.1,DENV-2,,False
KX621245.1,DENV-2,,False
KX459392.1,DENV-1,,False
KX459391.1,DENV-1,,False
KX459390.1,DENV-1,,False
KX459389.1,DENV-1,,False
KX459388.1,DENV-1,,False
KX459387.1,DENV-1,,False
KX459386.1,DENV-1,,False
KY415992.1,DENV-2,,False
KU509288.1,DENV-4,,False
KU509287.1,DENV-4,,False
KU509286.1,DENV-3,,False
KU509285.1,DENV-3,,False
KU509284.1,DENV-3,,False
KU509283.1,DENV-3,,False
KU509282.1,DENV-3,,False
KU509281.1,DENV-3,,False
KU509280.1,DENV-3,,False
KU509279.1,DENV-3,,False
KU509278.1,DENV-3,,False
KU509277.1,DENV-2,,False
KU509276.1,DENV-2,,False
KU509275.1,DENV-2,,False
KU509274.1,DENV-2,,False
KU509273.1,DENV-2,,False
KU509272.1,DENV-2,,False
KU509271.1,DENV-2,,False
KU509270.1,DENV-2,,False
KU509269.1,DENV-2,,False
KU509268.1,DENV-2,,False
KU509267.1,DENV-2,,False
KU509266.1,DENV-1,,False
KU509265.1,DENV-1,,False
KU509264.1,DENV-1,,False
KU509263.1,DENV-1,,False
KU509262.1,DENV-1,,False
KU509261.1,DENV-1,,False
KU509260.1,DENV-1,,False
KU509259.1,DENV-1,,False
KU509258.1,DENV-1,,False
KU509257.1,DENV-1,,False
KU509256.1,DENV-1,,False
KU509255.1,DENV-1,,False
KU509254.1,DENV-1,,False
KU509253.1,DENV-1,,False
KU509252.1,DENV-1,,False
KU509251.1,DENV-1,,False
KU509250.1,DENV-1,,False
KU509249.1,DENV-1,,False
KT424097.1,DENV-3,,False
KX225493.1,DENV-1,,False
KX225492.1,DENV-1,,False
KX225491.1,DENV-1,,False
KX225490.1,DENV-1,,False
KX225489.1,DENV-1,,False
KX225488.1,DENV-1,,False
KX225487.1,DENV-1,,False
KX225486.1,DENV-2,,False
KX225485.1,DENV-2,,False
KX225484.1,DENV-1,,False
KX225483.1,DENV-1,,False
KX620455.1,DENV-1,,False
KX620454.1,DENV-1,,False
KX620453.1,DENV-1,,False
KX620452.1,DENV-1,,False
KX620451.1,DENV-1,,False
KX702403.1,DENV-2,,False
KX372564.1,DENV-2,,False
KX274130.1,DENV-2,,False
KU523872.1,DENV-4,,False
KU523871.1,DENV-4,,False
HQ541804.1,DENV-3,,False
HQ541803.1,DENV-3,,False
HQ541802.1,DENV-3,,False
HQ541800.1,DENV-2,,False
GQ199605.1,DENV-2,,False
FJ913016.1,DENV-2,,False
KU517847.1,DENV-2,,False
KU517846.1,DENV-2,,False
KU517845.1,DENV-2,,False
AY858048.2,DENV-3,,False
AY858047.2,DENV-3,,False
AY858046.2,DENV-3,,False
AY858045.2,DENV-3,,False
AY858044.2,DENV-3,,False
AY858043.2,DENV-3,,False
AY858042.2,DENV-3,,False
AY858041.2,DENV-3,,False
AY858040.2,DENV-3,,False
AY858039.2,DENV-3,,False
AY858038.2,DENV-3,,False
AY858037.2,DENV-3,,False
AY858036.2,DENV-2,,False
AY858035.2,DENV-2,,False
KU948303.1,DENV-2,,False
KP188547.1,DENV-1,,False
KP188545.1,DENV-1,,False
KP188569.1,DENV-2,,False
KP188568.1,DENV-1,,False
KP188567.1,DENV-1,,False
KP188566.1,DENV-4,,False
KP188565.1,DENV-4,,False
KP188564.1,DENV-4,,False
KP188563.1,DENV-4,,False
KP188562.1,DENV-4,,False
KP188561.1,DENV-4,,False
KP188560.1,DENV-4,,False
KP188559.1,DENV-4,,False
KP188558.1,DENV-4,,False
KP188557.1,DENV-4,,False
KP188556.1,DENV-2,,False
KP188555.1,DENV-2,,False
KP188554.1,DENV-2,,False
KP188553.1,DENV-2,,False
KP188552.1,DENV-2,,False
KP188551.1,DENV-2,,False
KP188550.1,DENV-2,,False
KP188549.1,DENV-2,,False
KP188548.1,DENV-1,,False
KP188546.1,DENV-1,,False
KP188544.1,DENV-1,,False
KP188543.1,DENV-1,,False
KP188542.1,DENV-1,,False
KP188541.1,DENV-1,,False
KP188540.1,DENV-1,,False
KP188539.1,DENV-1,,False
KX458014.1,DENV-1,,False
KX458013.1,DENV-1,,False
KU513442.1,DENV-4,,False
KU513441.1,DENV-4,,False
KP723478.1,DENV-2,,False
KP723476.1,DENV-1,,False
KP723473.1,DENV-1,,False
KP012546.1,DENV-2,,False
KU725666.1,DENV-3,,False
KU725665.1,DENV-3,,False
KU725664.1,DENV-2,,False
KU725663.1,DENV-2,,False
KT726361.1,DENV-3,,False
KT726360.1,DENV-3,,False
KT726359.1,DENV-3,,False
KT726358.1,DENV-3,,False
KT726357.1,DENV-3,,False
KT726356.1,DENV-3,,False
KT726355.1,DENV-3,,False
KT726354.1,DENV-3,,False
KT726353.1,DENV-3,,False
KT726352.1,DENV-3,,False
KT726351.1,DENV-3,,False
KT726350.1,DENV-3,,False
KT726349.1,DENV-3,,False
KT726348.1,DENV-3,,False
KT726347.1,DENV-3,,False
KT726346.1,DENV-3,,False
KT726345.1,DENV-3,,False
KT726344.1,DENV-3,,False
KT726343.1,DENV-3,,False
KT726342.1,DENV-3,,False
KT726341.1,DENV-3,,False
KT726340.1,DENV-3,,False
KT831765.1,DENV-1,,False
KT794007.1,DENV-4,,False
KJ755855.1,DENV-1,,False
KR919821.1,,,False
KR919820.1,,,False
KM403636.1,DENV-1,,False
KM403635.1,DENV-1,,False
KM403634.1,DENV-1,,False
KM403633.1,DENV-1,,False
KM403632.1,DENV-1,,False
KM403631.1,DENV-1,,False
KM403630.1,DENV-1,,False
KM403629.1,DENV-1,,False
KM403628.1,DENV-1,,False
KM403627.1,DENV-1,,False
KM403626.1,DENV-1,,False
KM403625.1,DENV-1,,False
KM403624.1,DENV-1,,False
KM403623.1,DENV-1,,False
KM403622.1,DENV-1,,False
KM403621.1,DENV-1,,False
KM403620.1,DENV-1,,False
KM403619.1,DENV-1,,False
KM403618.1,DENV-1,,False
KM403617.1,DENV-1,,False
KM403616.1,DENV-1,,False
KM403615.1,DENV-1,,False
KM403614.1,DENV-1,,False
KM403613.1,DENV-1,,False
KM403612.1,DENV-1,,False
KM403611.1,DENV-1,,False
KM403610.1,DENV-1,,False
KM403609.1,DENV-1,,False
KM403608.1,DENV-1,,False
KM403607.1,DENV-1,,False
KM403606.1,DENV-1,,False
KM403605.1,DENV-1,,False
KM403604.1,DENV-1,,False
KM403603.1,DENV-1,,False
KM403602.1,DENV-1,,False
KM403601.1,DENV-1,,False
KM403600.1,DENV-1,,False
KM403599.1,DENV-1,,False
KM403598.1,DENV-1,,False
KM403597.1,DENV-1,,False
KM403596.1,DENV-1,,False
KM403595.1,DENV-1,,False
KM403594.1,DENV-1,,False
KM403593.1,DENV-1,,False
KM403592.1,DENV-1,,False
KM403591.1,DENV-1,,False
KM403590.1,DENV-1,,False
KM403589.1,DENV-1,,False
KM403588.1,DENV-1,,False
KM403587.1,DENV-1,,False
KM403586.1,DENV-1,,False
KM403585.1,DENV-1,,False
KM403584.1,DENV-1,,False
KM403583.1,DENV-1,,False
KM403582.1,DENV-1,,False
KM403581.1,DENV-1,,False
KM403580.1,DENV-1,,False
KM403579.1,DENV-1,,False
KM403578.1,DENV-1,,False
KM403577.1,DENV-1,,False
KM403576.1,DENV-1,,False
KM403575.1,DENV-1,,False
KU050695.1,DENV-3,,False
KM204119.1,DENV-1,,False
KM204118.1,DENV-2,,False
EU359008.1,DENV-1,,False
KU216209.1,DENV-3,,False
KU216208.1,DENV-3,,False
KR024708.1,DENV-1,,False
KR024707.1,DENV-1,,False
KR024706.1,DENV-1,,False
KR024705.1,DENV-1,,False
LC069810.1,DENV-4,,False
LC111438.1,DENV-2,,False
KP406806.1,DENV-4,,False
KP406805.1,DENV-3,,False
KP406804.1,DENV-2,,False
KP406803.1,DENV-1,,False
KP406802.1,DENV-1,,False
KP406801.1,DENV-1,,False
KT187564.1,DENV-1,,False
KT187563.1,DENV-1,,False
KT187562.1,DENV-1,,False
KT187561.1,DENV-1,,False
KT187560.1,DENV-1,,False
KT187559.1,DENV-1,,False
KT187558.1,DENV-2,,False
KT187557.1,DENV-2,,False
KT187556.1,DENV-2,,False
KT187555.1,DENV-2,,False
KT187554.1,DENV-2,,False
KT187553.1,DENV-2,,False
KR920365.1,DENV-2,,False
KM217158.1,DENV-2,,False
KM217157.1,DENV-2,,False
KM217156.1,DENV-2,,False
KT276273.1,DENV-4,,False
KR296744.1,DENV-3,,False
KR296743.1,DENV-3,,False
KJ010186.1,DENV-2,,False
KJ010185.1,DENV-2,,False
KF360005.1,DENV-2,,False
KF289073.1,DENV-1,,False
KR028435.1,DENV-1,,False
KP723482.1,DENV-4,,False
KP723479.1,DENV-2,,False
JQ686088.2,DENV-2,,False
KJ701507.1,DENV-2,,False
KP686070.1,DENV-1,,False
KC762699.1,DENV-4,,False
KC762698.1,DENV-4,,False
KC762697.1,DENV-4,,False
KC762696.1,DENV-4,,False
KC762695.1,DENV-4,,False
KC762694.1,DENV-4,,False
KC762693.1,DENV-3,,False
KC762692.1,DENV-3,,False
KC762691.1,DENV-3,,False
KC762690.1,DENV-3,,False
KC762689.1,DENV-3,,False
KC762688.1,DENV-3,,False
KC762687.1,DENV-3,,False
KC762686.1,DENV-3,,False
KC762685.1,DENV-3,,False
KC762684.1,DENV-3,,False
KC762683.1,DENV-3,,False
KC762682.1,DENV-3,,False
KC762681.1,DENV-3,,False
KC762680.1,DENV-2,,False
KC762679.1,DENV-2,,False
KC762678.1,DENV-2,,False
KC762677.1,DENV-2,,False
KC762676.1,DENV-2,,False
KC762675.1,DENV-2,,False
KC762674.1,DENV-2,,False
KC762673.1,DENV-2,,False
KC762672.1,DENV-2,,False
KC762671.1,DENV-2,,False
KC762670.1,DENV-2,,False
KC762669.1,DENV-2,,False
KC762668.1,DENV-2,,False
KC762667.1,DENV-2,,False
KC762666.1,DENV-2,,False
KC762665.1,DENV-2,,False
KC762664.1,DENV-2,,False
KC762663.1,DENV-2,,False
KC762662.1,DENV-2,,False
KC762661.1,DENV-2,,False
KC762660.1,DENV-2,,False
KC762659.1,DENV-2,,False
KC762658.1,DENV-2,,False
KC762657.1,DENV-2,,False
KC762656.1,DENV-2,,False
KC762655.1,DENV-2,,False
KC762654.1,DENV-1,,False
KC762653.1,DENV-1,,False
KC762652.1,DENV-1,,False
KC762651.1,DENV-1,,False
KC762650.1,DENV-1,,False
KC762649.1,DENV-1,,False
KC762648.1,DENV-1,,False
KC762647.1,DENV-1,,False
KC762646.1,DENV-1,,False
KC762645.1,DENV-1,,False
KC762644.1,DENV-1,,False
KC762643.1,DENV-1,,False
KC762642.1,DENV-1,,False
KC762641.1,DENV-1,,False
KC762640.1,DENV-1,,False
KC762639.1,DENV-1,,False
KC762638.1,DENV-1,,False
KC762637.1,DENV-1,,False
KC762636.1,DENV-1,,False
KC762635.1,DENV-1,,False
KC762634.1,DENV-1,,False
KC762633.1,DENV-1,,False
KC762632.1,DENV-1,,False
KC762631.1,DENV-1,,False
KC762630.1,DENV-1,,False
KC762629.1,DENV-1,,False
KC762628.1,DENV-1,,False
KC762627.1,DENV-1,,False
KC762626.1,DENV-1,,False
KC762625.1,DENV-1,,False
KC762624.1,DENV-1,,False
KC762623.1,DENV-1,,False
KC762622.1,DENV-1,,False
KC762621.1,DENV-1,,False
KC762620.1,DENV-1,,False
KR779782.1,DENV-2,,False
KM190937.1,DENV-3,,False
KM190936.1,DENV-4,,False
KR071622.1,,,False
KF479233.1,DENV-2,,False
AB479042.1,DENV-2,,False
AB479041.1,DENV-2,,False
KP772252.1,,,False
KJ737430.1,DENV-3,,False
KJ737429.1,DENV-3,,False
KP398852.1,DENV-1,,False
KM279610.1,DENV-2,,False
KM279609.1,DENV-2,,False
KM279608.1,DENV-2,,False
KM279607.1,DENV-2,,False
KM279606.1,DENV-2,,False
KM279605.1,DENV-2,,False
KM279604.1,DENV-2,,False
KM279603.1,DENV-2,,False
KM279602.1,DENV-2,,False
KM279601.1,DENV-2,,False
KM279600.1,DENV-2,,False
KM279599.1,DENV-2,,False
KM279598.1,DENV-2,,False
KM279597.1,DENV-2,,False
KM279596.1,DENV-2,,False
KM279595.1,DENV-2,,False
KM279594.1,DENV-2,,False
KM279593.1,DENV-2,,False
KM279592.1,DENV-2,,False
KM279591.1,DENV-2,,False
KM279590.1,DENV-2,,False
KM279589.1,DENV-2,,False
KM279588.1,DENV-2,,False
KM279587.1,DENV-2,,False
KM279586.1,DENV-2,,False
KM279585.1,DENV-2,,False
KM279584.1,DENV-2,,False
KM279583.1,DENV-2,,False
KM279582.1,DENV-2,,False
KM279581.1,DENV-2,,False
KM279580.1,DENV-2,,False
KM279579.1,DENV-2,,False
KM279578.1,DENV-2,,False
KM279577.1,DENV-2,,False
KM279576.1,DENV-2,,False
KM279575.1,DENV-2,,False
KM279574.1,DENV-2,,False
KM279573.1,DENV-2,,False
KM279572.1,DENV-2,,False
KM279571.1,DENV-2,,False
KM279570.1,DENV-2,,False
KM279569.1,DENV-2,,False
KM279568.1,DENV-2,,False
KM279567.1,DENV-2,,False
KM279566.1,DENV-2,,False
KM279565.1,DENV-2,,False
KM279564.1,DENV-2,,False
KM279563.1,DENV-2,,False
KM279562.1,DENV-2,,False
KM279561.1,DENV-2,,False
KM279560.1,DENV-2,,False
KM279559.1,DENV-2,,False
KM279558.1,DENV-2,,False
KM279557.1,DENV-2,,False
KM279556.1,DENV-2,,False
KM279555.1,DENV-2,,False
KM279554.1,DENV-2,,False
KM279553.1,DENV-2,,False
KM279552.1,DENV-2,,False
KM279551.1,DENV-2,,False
KM279550.1,DENV-2,,False
KM279549.1,DENV-2,,False
KM279548.1,DENV-2,,False
KM279547.1,DENV-2,,False
KM279546.1,DENV-2,,False
KM279545.1,DENV-2,,False
KM279544.1,DENV-2,,False
KM279543.1,DENV-2,,False
KM279542.1,DENV-2,,False
KM279541.1,DENV-2,,False
KM279540.1,DENV-2,,False
KM279539.1,DENV-2,,False
KM279538.1,DENV-2,,False
KM279537.1,DENV-2,,False
KM279536.1,DENV-2,,False
KM279535.1,DENV-2,,False
KM279534.1,DENV-2,,False
KM279533.1,DENV-2,,False
KM279532.1,DENV-2,,False
KM279531.1,DENV-2,,False
KM279530.1,DENV-2,,False
KM279529.1,DENV-2,,False
KM279528.1,DENV-2,,False
KM279527.1,DENV-2,,False
KM279526.1,DENV-2,,False
KM279525.1,DENV-2,,False
KM279524.1,DENV-2,,False
KM279523.1,DENV-2,,False
KM279522.1,DENV-2,,False
KM279521.1,DENV-2,,False
KM279520.1,DENV-2,,False
KM279519.1,DENV-2,,False
KM279518.1,DENV-2,,False
KM279517.1,DENV-2,,False
KM279516.1,DENV-2,,False
KM279515.1,DENV-2,,False
KM279514.1,DENV-2,,False
KM279513.1,DENV-2,,False
KM587709.1,DENV-2,,False
KJ649286.1,DENV-1,,False
